peaknumber,percentpeakassigned,lowestpercent,highestpercent,meanpercent,stdofpercent,assignedpeaknumber50%
10521,0.854766657,0.459459459,0.892188572,0.812441073,0.068195728,3091
11686,0.874294027,NA,NA,NA,NA,NA
5938,0.802795554,NA,NA,NA,NA,NA
7094,0.801240485,NA,NA,NA,NA,NA
148,0.459459459,NA,NA,NA,NA,NA
7801,0.811434431,NA,NA,NA,NA,NA
10203,0.892188572,NA,NA,NA,NA,NA
5523,0.810610176,NA,NA,NA,NA,NA
10948,0.855133358,NA,NA,NA,NA,NA
5245,0.812392755,NA,NA,NA,NA,NA
10991,0.847693567,NA,NA,NA,NA,NA
4519,0.785350741,NA,NA,NA,NA,NA
4920,0.746544715,NA,NA,NA,NA,NA
11834,0.847557884,NA,NA,NA,NA,NA
5129,0.794501852,NA,NA,NA,NA,NA
5831,0.790601955,NA,NA,NA,NA,NA
5974,0.789755608,NA,NA,NA,NA,NA
5870,0.796252129,NA,NA,NA,NA,NA
6567,0.759555353,NA,NA,NA,NA,NA
8569,0.849924145,NA,NA,NA,NA,NA
5130,0.788693957,NA,NA,NA,NA,NA
7539,0.833134368,NA,NA,NA,NA,NA
8050,0.841490683,NA,NA,NA,NA,NA
6689,0.819105995,NA,NA,NA,NA,NA
8691,0.85007479,NA,NA,NA,NA,NA
11088,0.859938672,NA,NA,NA,NA,NA
7973,0.839458171,NA,NA,NA,NA,NA
8047,0.82639493,NA,NA,NA,NA,NA
8305,0.826610476,NA,NA,NA,NA,NA
9121,0.832145598,NA,NA,NA,NA,NA
7982,0.856301679,NA,NA,NA,NA,NA
6210,0.827214171,NA,NA,NA,NA,NA
8249,0.813795612,NA,NA,NA,NA,NA
6769,0.841778697,NA,NA,NA,NA,NA
7502,0.822713943,NA,NA,NA,NA,NA
5389,0.786973464,NA,NA,NA,NA,NA
